[
    {
        "fixtureAPIId": 246471,
        "events": [
            {
                "playerAPIId": 29851,
                "card": "red",
                "name": "Red card",
                "team": "home",
                "time": 55,
                "type": "card",
                "playerName": "Giorgi Loria",
                "injuryTime": "",
                "playerAPIIdIn": "23875",
                "playerAPIIdOut": "14506",
                "inPlayerName": "Llazaros Rota",
                "outPlayerName": "George Baldock",
                "status": 0,
                "statusStr": "miss"
            }
        ],
        "commentary": [
            {
                "id": 1,
                "time": "",
                "sentence": "Refree blows the whistle to start the match.",
                "injuryTime": ""
            },
            {
                "id": 2,
                "time": "",
                "sentence": "1st half is underway.",
                "injuryTime": ""
            },
            {
                "id": 3,
                "time": "2",
                "sentence": "Szymon Marciniak awards freekick to Greece.",
                "injuryTime": ""
            }
        ]
    }
]