[
    {
        "formatType": "T20",
        "points": {
            "in11": 4,
            "substitute": 4,
            "cap": 2,
            "vc": 1.5,
            "bat": {
                "run": 1,
                "four": 1,
                "six": 2,
                "thirty": 4,
                "fifty": 8,
                "duck": -2,
                "strikerate": {
                    "min": 10,
                    "points": {
                        "170-": 6,
                        "150.01-170": 4,
                        "130-150": 2,
                        "60-70": -2,
                        "50-59.99": -4,
                        "-50": -6
                    }
                }
            },
            "bowl": {
                "wicket": 25,
                "LBWBowledBonus": 8,
                "threeWicketBonus": 4,
                "fourWicketBonus": 8,
                "fiveWicketBonus": 16,
                "maiden": 12,
                "economy": {
                    "min": 2,
                    "points": {
                        "0-5": 6,
                        "5-5.99": 4,
                        "6-7": 2,
                        "10-11": -2,
                        "11.1-12": -4,
                        "12.1-": -6
                    }
                }
            },
            "field": {
                "catch": 8,
                "bonus": 4,
                "stumping": 12,
                "runout": {
                    "direct": 12,
                    "indirect": 6
                }
            }
        }
    }
]