[
    {
        "_id": "6481c71eb654fafdbafecdd5",
        "teamName": "India",
        "teamDisplayName": "IND",
        "teamAPIId": 490,
        "teamLogo": "https://boomer11-18102022.s3.ap-south-1.amazonaws.com/S3/cricket/TA/ENG.png",
        "teamPlayers": [
            {
                "playerName": "Virat Kohli",
                "playerAPIId": 119,
                "player_type": "Batsman",
                "player_value": {
                    "Test": 9,
                    "ODI": 9,
                    "T20": 9
                }
            },
            {
                "playerName": "MS Dhoni",
                "playerAPIId": 123,
                "player_type": "Wicket Keeper",
                "player_value": {
                    "Test": 9,
                    "ODI": 9,
                    "T20": 8.5
                }
            },
            {
                "playerName": "Ravichandran Ashwin",
                "playerAPIId": 129,
                "player_type": "Wicket Keeper",
                "player_value": {
                    "Test": 9,
                    "ODI": 9,
                    "T20": 8.5
                }
            },
            {
                "playerName": "Deepak Chahar",
                "playerAPIId": 53819,
                "player_type": "Bowler",
                "player_value": {
                    "Test": 9,
                    "ODI": 9,
                    "T20": 9
                }
            }
        ]
    }
]