[
  {
    "_id": "64cb3f96d1d6b71cfa801dfe",
    "contestId": "3456401b969a23528928e17d",
    "contestName": "Hot Contest",
    "userTeams": [
      {
        "userId": "64cb3f96d1d6b71cfa801dfd",
        "userName": "Raj",
        "teamName": "T1",
        "totalPoints": 0,
        "team": [
          {
            "playerName": "Virat",
            "playerAPIId": 18,
            "playerType": "bat",
            "teamName": "IND",
            "imgUrl": "www.raj.com/image.png",
            "cap": true,
            "vc": false,
            "points": 0
          }
        ]
      }
    ]
  }
]