[
  {
    "_id": "3456401b969a23528928e17d",
    "fixtureId": "3456401b969a23528928e17a",
    "fixtureAPIId": 122141,
    "contestName": "Hot Contest",
    "constestCaption": "100 Contest",
    "contestType": "public",
    "poolType": "max",
    "maxPrizepool": 1000,
    "totalPrizePool": 55000,
    "totalSpots": 110,
    "remainingSpots": 110,
    "maxTeamCount": 20,
    "discountEntryFee": 0,
    "winningPercentage": 60,
    "entryFee": 500,
    "guaranteed": true,
    "prize": {
      "prizeType": "coins",
      "totalValue": 55000,
      "split": true,
      "prizeSplitUp": {
        "1-10": 1000,
        "10-100": 500
      }
    },
    "jointUsers": {
      "64cb3f96d1d6b71cfa801dfd": {
        "userName": "Raj",
        "userTeams": [
          "T1"
        ]
      }
    },
    "enabledStatus": true,
    "isactive": true
  }
]