[
  {
    "_id": "6421401b969a23528928e17d",
    "fixtureName": "Papua New Guinea vs Japan - 12th Match",
    "fixtureAPIId": 63433,
    "fixtureDisplayName": "PNG vs JPN",
    "fixtureStartDate": "2023-07-29 03:30:00",
    "fixtureStatus": "Upcomming",
    "fixtureVenue": "Amini Park",
    "fixtureType": "T20I",
    "seriesId": "6421400d969a23528928e189",
    "seriesName": "ICC Mens T20 World Cup East Asia Pacific Qualifier",
    "seriesShortName": "East Asia Pacific Qualifier",
    "seriesAPIId": 127712,
    "joinedUsers": [],
    "fixtureTeams": {
      "teamA": {
        "id": "64214022969a23528928e185",
        "name": "Papua New Guinea",
        "shortName": "PNG",
        "teamAPIId": 500,
        "logo": "https://boomer11-18102022.s3.ap-south-1.amazonaws.com/S3/cricket/IMTWCEAPQ/PNG.png"
      },
      "teamB": {
        "id": "64214031969a23528928e189",
        "name": "Japan",
        "shortName": "JPN",
        "teamAPIId": 501,
        "logo": "https://boomer11-18102022.s3.ap-south-1.amazonaws.com/S3/cricket/IMTWCEAPQ/JPN.png"
      }
    },
    "enabledStatus": false
  }
]