[
    {
        "_id": "3456401b969a23528928e17d",
        "predictorType": "team",
        "fixtureAPIId": 987654,
        "totalQuestions": 2,
        "isCompleted": false,
        "questions": [
            {
                "_id": "3456401b969a23528928e17a",
                "qStr": "How much runs will be scored by India",
                "event": "runs",
                "teamAPIId": 14,
                "totalAnswers": 0,
                "options": {
                    "a": {
                        "checkStr": "-100",
                        "optionStr": "Lesser than 100",
                        "selby": 0,
                        "isCorrect": false
                    },
                    "b": {
                        "checkStr": "100-150",
                        "optionStr": "100 to 150",
                        "selby": 0,
                        "isCorrect": false
                    },
                    "c": {
                        "checkStr": "150-200",
                        "optionStr": "150 to 200",
                        "selby": 0,
                        "isCorrect": false
                    },
                    "d": {
                        "checkStr": "200-",
                        "optionStr": "Greater than 200",
                        "selby": 0,
                        "isCorrect": false
                    }
                }
            },
            {
                "_id": "3456401b969a23528928e17b",
                "qStr": "Which team will win the toss?",
                "event": "team",
                "teamAPIId": null,
                "totalAnswers": 0,
                "options": {
                    "a": {
                        "checkStr": "14",
                        "optionStr": "India",
                        "selby": 0,
                        "isCorrect": false
                    },
                    "b": {
                        "checkStr": "15",
                        "optionStr": "England",
                        "selby": 0,
                        "isCorrect": false
                    }
                }
            }
        ],
        "totalAttempts": 0
    }
]