[
    {
        "_id": "3466401b969a23528928e17d",
        "predictorId": "3456401b969a23528928e17d",
        "fixtureAPIId": 987654,
        "remainingQuestions": 1,
        "isFinished": false,
        "isDeclared": false,
        "correctAnsCount": 0,
        "questions": [
            {
                "questionId": "3456401b969a23528928e17a",
                "answerOption": "a",
                "isAnswered": true,
                "isCorrect": false
            },
            {
                "questionId": "3456401b969a23528928e17b",
                "answerOption": null,
                "isAnswered": false,
                "isCorrect": false
            }
        ]
    }
]