[
    {
        "_id": "3456401b969a23528928e17d",
        "predictorType": "team",
        "totalQuestions": 2,
        "questions": [
            {
                "_id": "3456401b969a23528928e17a",
                "qStr": "How much runs will be scored by #TEAM#",
                "event": "runs",
                "teamAPIId": 0,
                "options": {
                    "a": {
                        "checkStr": "-100",
                        "optionStr": "Lesser than 100"
                    },
                    "b": {
                        "checkStr": "100-150",
                        "optionStr": "100 to 150"
                    },
                    "c": {
                        "checkStr": "150-200",
                        "optionStr": "150 to 200"
                    },
                    "d": {
                        "checkStr": "200-",
                        "optionStr": "Greater than 200"
                    }
                }
            },
            {
                "_id": "3456401b969a23528928e17b",
                "qStr": "Which team will win the toss?",
                "event": "team",
                "teamAPIId": 0,
                "options": {
                    "a": {
                        "checkStr": "#TEAMAAPIID#",
                        "optionStr": "#TeamAName#"
                    },
                    "b": {
                        "checkStr": "#TEAMBAPIID#",
                        "optionStr": "#TeamBName#"
                    }
                }
            }
        ]
    }
]