[
  {
    "fixtureAPIId": "6421401b969a23528928e17d",
    "fixtureType": "T20I",
    "maxInningsCount": 2,
    "currentInnings": null,
    "fixtureStatus": "Upcomming/Toss/Live/Completed",
    "toss": {
      "wonTeamId": 500,
      "result": "bat"
    },
    "teams": {
      "teamA": {
        "name": "Papua New Guinea",
        "shortName": "PNG",
        "teamAPIId": 500,
        "logo": "https://boomer11-18102022.s3.ap-south-1.amazonaws.com/S3/cricket/IMTWCEAPQ/PNG.png"
      },
      "teamB": {
        "name": "Japan",
        "shortName": "JPN",
        "teamAPIId": 501,
        "logo": "https://boomer11-18102022.s3.ap-south-1.amazonaws.com/S3/cricket/IMTWCEAPQ/JPN.png"
      }
    },
    "innings": {
      "0": {
        "totalRuns": 247,
        "totalWickes": 6,
        "extras": 25,
        "runrate": 12.35,
        "fallofWickets": "29-1 (K Mayers, 4.1), 30-2 (Brandon King, 4.3), 58-3 (J Charles, 7.3), 96-4 (Pooran, 14.1), 134-5 (Hetmyer, 18.1), 138-6 (Rovman Powell, 18.5)",
        "Overs": 20,
        "bat": {
          "teamAPIId": 500,
          "team": [
            {
              "playerName": "Virat Kohli",
              "playerAPIId": 119,
              "player_type": "Batsman",
              "ballsFaced": 0,
              "battingPosition": 1,
              "runsScored": 0,
              "foursHit": 0,
              "sixesHit": 0,
              "strikeRate": 0,
              "outStatus": false,
              "outType": {
                "type": "",
                "duckOut": false,
                "bowledBy": "",
                "caughtBy": "",
                "stumpedBy": "",
                "runout": "",
                "FOW": "",
                "outComment": ""
              }
            }
          ]
        },
        "bowl": {
          "teamAPIId": 501,
          "team": [
            {
              "playerName": "Ravi Ashwin",
              "playerAPIId": 120,
              "player_type": "Bowler",
              "bowlingPosition": 3,
              "oversBowled": 0,
              "runsGiven": 0,
              "maidensBowled": 0,
              "noBallsBowled": 0,
              "widesBowled": 0,
              "wicketsTaken": 0,
              "catchesTaken": 0,
              "runoutsMade": 0,
              "bowledMade": 0,
              "lbwMade": 0,
              "stumpingsMade": 0,
              "economy": 0,
              "bowlingStrikerate": 0
            }
          ]
        }
      }
    },
    "playerPerformance": {
      "119": {
        "playerName": "Virat Kohli",
        "playerAPIId": 119,
        "player_type": "Batsman",
        "points": 0
      }
    }
  }
]